-- --------------------------------------------------------
-- Host:                         localhost
-- Versión del servidor:         5.7.22 - MySQL Community Server (GPL)
-- SO del servidor:              Win64
-- HeidiSQL Versión:             9.5.0.5196
-- --------------------------------------------------------

/*!40101 SET @OLD_CHARACTER_SET_CLIENT=@@CHARACTER_SET_CLIENT */;
/*!40101 SET NAMES utf8 */;
/*!50503 SET NAMES utf8mb4 */;
/*!40014 SET @OLD_FOREIGN_KEY_CHECKS=@@FOREIGN_KEY_CHECKS, FOREIGN_KEY_CHECKS=0 */;
/*!40101 SET @OLD_SQL_MODE=@@SQL_MODE, SQL_MODE='NO_AUTO_VALUE_ON_ZERO' */;


-- Volcando estructura de base de datos para nominas
CREATE DATABASE IF NOT EXISTS `nominas` /*!40100 DEFAULT CHARACTER SET utf8 */;
USE `nominas`;

-- Volcando estructura para tabla nominas.categorias
CREATE TABLE IF NOT EXISTS `categorias` (
  `IdCategoria` int(11) NOT NULL AUTO_INCREMENT,
  `NombreCategoria` varchar(75) NOT NULL DEFAULT '0',
  `SalarioBaseCategoria` double NOT NULL DEFAULT '0',
  `ComplementoCategoria` double NOT NULL DEFAULT '0',
  PRIMARY KEY (`IdCategoria`)
) ENGINE=InnoDB AUTO_INCREMENT=211 DEFAULT CHARSET=utf8;

-- Volcando datos para la tabla nominas.categorias: ~14 rows (aproximadamente)
/*!40000 ALTER TABLE `categorias` DISABLE KEYS */;
INSERT INTO `categorias` (`IdCategoria`, `NombreCategoria`, `SalarioBaseCategoria`, `ComplementoCategoria`) VALUES
	(197, 'Operador', 12000, 1800),
	(198, 'Jefe división', 25000, 5000),
	(199, 'Programador', 17000, 2500),
	(200, 'Ordenanza', 16000, 1100),
	(201, 'Calefactor', 10500, 1000),
	(202, 'Administrativo', 12500, 1700),
	(203, 'Jefe de servicio', 30000, 10000),
	(204, 'Jefe de sección', 18000, 3000),
	(205, 'Analista', 20000, 3500),
	(206, 'Auxiliar', 14000, 1600),
	(207, 'Limpiador', 12000, 1000),
	(208, 'Cocinero', 13800, 1200),
	(209, 'Coordinador', 30000, 5000),
	(210, 'Cuidador', 20000, 1400);
/*!40000 ALTER TABLE `categorias` ENABLE KEYS */;

-- Volcando estructura para tabla nominas.empresas
CREATE TABLE IF NOT EXISTS `empresas` (
  `IdEmpresa` int(11) NOT NULL AUTO_INCREMENT,
  `Nombre` varchar(100) NOT NULL,
  `CIF` varchar(10) NOT NULL,
  PRIMARY KEY (`IdEmpresa`)
) ENGINE=InnoDB AUTO_INCREMENT=27 DEFAULT CHARSET=utf8;

-- Volcando datos para la tabla nominas.empresas: ~6 rows (aproximadamente)
/*!40000 ALTER TABLE `empresas` DISABLE KEYS */;
INSERT INTO `empresas` (`IdEmpresa`, `Nombre`, `CIF`) VALUES
	(21, 'PBlankSA', 'P2492876R'),
	(22, 'TecnoProyectSL', 'P2456841A'),
	(23, 'Asoftware', 'P2418823C'),
	(24, 'APhonSA', 'P2463928T'),
	(25, 'TecnoLeonSL', 'P2472621I'),
	(26, 'TecnoLeonSL', 'P2272621I');
/*!40000 ALTER TABLE `empresas` ENABLE KEYS */;

-- Volcando estructura para tabla nominas.nomina
CREATE TABLE IF NOT EXISTS `nomina` (
  `IdNomina` int(11) NOT NULL AUTO_INCREMENT,
  `Mes` int(11) NOT NULL DEFAULT '0',
  `Anio` int(11) NOT NULL DEFAULT '0',
  `NumeroTrienios` int(11) NOT NULL DEFAULT '0',
  `ImporteTrienios` double unsigned NOT NULL DEFAULT '0',
  `importeSalarioMes` double unsigned NOT NULL DEFAULT '0',
  `importeComplementoMes` double unsigned NOT NULL DEFAULT '0',
  `ValorProrrateo` double unsigned NOT NULL DEFAULT '0',
  `brutoAnual` double unsigned NOT NULL DEFAULT '0',
  `IRPF` double unsigned NOT NULL DEFAULT '0',
  `ImporteIRPF` double unsigned NOT NULL DEFAULT '0',
  `BaseEmpresario` double unsigned NOT NULL DEFAULT '0',
  `SeguridadSocialEmpresario` double unsigned NOT NULL DEFAULT '0',
  `ImporteSeguridadSocialEmpresario` double unsigned NOT NULL DEFAULT '0',
  `DesempleoEmpresario` double unsigned NOT NULL DEFAULT '0',
  `ImporteDesempleoEmpresario` double unsigned NOT NULL DEFAULT '0',
  `FormacionEmpresario` double unsigned NOT NULL DEFAULT '0',
  `ImporteFormacionEmpresario` double unsigned NOT NULL DEFAULT '0',
  `AccidentesTrabajoEmpresario` double unsigned NOT NULL DEFAULT '0',
  `ImporteAccidentesTrabajoEmpresario` double unsigned NOT NULL DEFAULT '0',
  `FOGASAEmpresario` double unsigned NOT NULL DEFAULT '0',
  `ImporteFOGASAEMpresario` double unsigned NOT NULL DEFAULT '0',
  `SeguridadSocialTrabajador` double unsigned NOT NULL DEFAULT '0',
  `ImporteSeguridadSocialTrabajador` double unsigned NOT NULL DEFAULT '0',
  `DesempleoTrabajador` double unsigned NOT NULL DEFAULT '0',
  `ImporteDesempleoTrabajador` double unsigned NOT NULL DEFAULT '0',
  `FormacionTrabajador` double unsigned NOT NULL DEFAULT '0',
  `ImporteFormacionTrabajador` double unsigned NOT NULL DEFAULT '0',
  `BrutoNomina` double unsigned NOT NULL DEFAULT '0',
  `LiquidoNomina` double unsigned NOT NULL DEFAULT '0',
  `CosteTotalEmpresario` double unsigned NOT NULL DEFAULT '0',
  `IdTrabajador` int(11) NOT NULL DEFAULT '0',
  PRIMARY KEY (`IdNomina`),
  KEY `FK_Trabaajador` (`IdTrabajador`),
  CONSTRAINT `FK_Trabaajador` FOREIGN KEY (`IdTrabajador`) REFERENCES `trabajadorbbdd` (`idTrabajador`)
) ENGINE=InnoDB AUTO_INCREMENT=127 DEFAULT CHARSET=utf8;

-- Volcando datos para la tabla nominas.nomina: ~119 rows (aproximadamente)
/*!40000 ALTER TABLE `nomina` DISABLE KEYS */;
INSERT INTO `nomina` (`IdNomina`, `Mes`, `Anio`, `NumeroTrienios`, `ImporteTrienios`, `importeSalarioMes`, `importeComplementoMes`, `ValorProrrateo`, `brutoAnual`, `IRPF`, `ImporteIRPF`, `BaseEmpresario`, `SeguridadSocialEmpresario`, `ImporteSeguridadSocialEmpresario`, `DesempleoEmpresario`, `ImporteDesempleoEmpresario`, `FormacionEmpresario`, `ImporteFormacionEmpresario`, `AccidentesTrabajoEmpresario`, `ImporteAccidentesTrabajoEmpresario`, `FOGASAEmpresario`, `ImporteFOGASAEMpresario`, `SeguridadSocialTrabajador`, `ImporteSeguridadSocialTrabajador`, `DesempleoTrabajador`, `ImporteDesempleoTrabajador`, `FormacionTrabajador`, `ImporteFormacionTrabajador`, `BrutoNomina`, `LiquidoNomina`, `CosteTotalEmpresario`, `IdTrabajador`) VALUES
	(8, 5, 1996, 6, 83, 857.14, 128.57, 178.11904761904762, 14962, 8.31, 88.81015714285715, 1246.83, 23.6, 294.2526666666667, 6.7, 83.53783333333335, 0.6, 7.481000000000001, 1, 12.468333333333335, 0.2, 2.493666666666667, 4.7, 58.60116666666667, 1.6, 19.949333333333335, 0.1, 1.2468333333333335, 1068.7142857142858, 900.1067952380953, 1468.9477857142858, 26),
	(9, 8, 2012, 0, 0, 857.14, 128.57, 164.28571428571428, 13875, 6.12, 60.325714285714284, 1150, 23.6, 271.40000000000003, 6.7, 77.05000000000001, 0.6, 6.9, 1, 11.5, 0.2, 2.3000000000000003, 4.7, 54.05, 1.6, 18.400000000000002, 0.1, 1.1500000000000001, 985.7142857142857, 851.7885714285713, 1354.8642857142856, 27),
	(10, 3, 2010, 1, 15, 857.14, 128.57, 166.78571428571428, 14010, 8.31, 83.15935714285715, 1167.5, 23.6, 275.53000000000003, 6.7, 78.22250000000001, 0.6, 7.005, 1, 11.675, 0.2, 2.335, 4.7, 54.8725, 1.6, 18.68, 0.1, 1.1675, 1000.7142857142857, 842.8349285714285, 1375.4817857142857, 28),
	(11, 2, 2000, 4, 60, 1785.71, 357.14, 367.14285714285717, 30960, 17.38, 382.85657142857144, 2570, 23.6, 606.5200000000001, 6.7, 172.19000000000005, 0.6, 15.420000000000003, 1, 25.700000000000006, 0.2, 5.1400000000000015, 4.7, 120.79000000000002, 1.6, 41.12000000000001, 0.1, 2.5700000000000007, 2202.857142857143, 1655.5205714285717, 3027.8271428571434, 29),
	(12, 3, 2014, 0, 0, 1785.71, 357.14, 357.14285714285717, 30000, 16.96, 363.4285714285715, 2500, 23.6, 590.0000000000001, 6.7, 167.50000000000003, 0.6, 15.000000000000004, 1, 25.000000000000004, 0.2, 5.000000000000001, 4.7, 117.50000000000003, 1.6, 40.00000000000001, 0.1, 2.5000000000000004, 2142.857142857143, 1619.4285714285716, 2945.357142857143, 30),
	(13, 2, 2008, 2, 25, 1785.71, 357.14, 361.30952380952385, 30350, 17.38, 439.56916666666666, 2529.17, 23.6, 596.8833333333334, 6.7, 169.4541666666667, 0.6, 15.175000000000002, 1, 25.29166666666667, 0.2, 5.0583333333333345, 4.7, 118.87083333333335, 1.6, 40.466666666666676, 0.1, 2.5291666666666672, 2529.166666666667, 1927.7308333333335, 3341.029166666667, 31),
	(14, 3, 2011, 1, 15, 1214.29, 178.57, 234.64285714285714, 19710, 12.08, 198.41400000000002, 1642.5, 23.6, 387.63000000000005, 6.7, 110.04750000000001, 0.6, 9.855, 1, 16.425, 0.2, 3.285, 4.7, 77.1975, 1.6, 26.28, 0.1, 1.6425, 1642.5, 1338.966, 2169.7425000000003, 32),
	(15, 12, 1999, 5, 70, 1142.86, 78.57, 215.23809523809527, 18080, 11.51, 148.6434285714286, 1506.67, 23.6, 355.5733333333334, 6.7, 100.94666666666667, 0.6, 9.040000000000001, 1, 15.066666666666668, 0.2, 3.0133333333333336, 4.7, 70.81333333333333, 1.6, 24.10666666666667, 0.1, 1.5066666666666668, 1291.4285714285716, 1046.3584761904763, 1775.0685714285717, 33),
	(16, 11, 2003, 3, 45, 750, 71.43, 144.4047619047619, 12115, 3.3, 28.59214285714286, 1010.83, 23.6, 238.5566666666667, 6.7, 67.72583333333334, 0.6, 6.065, 1, 10.108333333333334, 0.2, 2.021666666666667, 4.7, 47.509166666666665, 1.6, 16.173333333333336, 0.1, 1.0108333333333335, 866.4285714285714, 773.1430952380953, 1190.9060714285715, 34),
	(17, 10, 2006, 2, 25, 892.86, 121.43, 173.2142857142857, 14585, 8.31, 86.36464285714285, 1212.5, 23.6, 286.15000000000003, 6.7, 81.23750000000001, 0.6, 7.275, 1, 12.125, 0.2, 2.4250000000000003, 4.7, 56.9875, 1.6, 19.400000000000002, 0.1, 1.2125000000000001, 1039.2857142857142, 875.3210714285714, 1428.4982142857143, 35),
	(18, 8, 2000, 4, 60, 2142.86, 714.29, 486.19047619047615, 40830, 20.49, 697.3429999999998, 3403.33, 23.6, 803.1866666666666, 6.7, 228.02333333333334, 0.6, 20.419999999999998, 1, 34.03333333333333, 0.2, 6.806666666666667, 4.7, 159.95666666666665, 1.6, 54.45333333333333, 0.1, 3.4033333333333333, 3403.333333333333, 2488.1769999999997, 4495.803333333333, 36),
	(19, 2, 2002, 4, 60, 1285.71, 214.29, 260, 21840, 13.06, 203.736, 1820, 23.6, 429.52000000000004, 6.7, 121.94000000000001, 0.6, 10.92, 1, 18.2, 0.2, 3.64, 4.7, 85.54, 1.6, 29.12, 0.1, 1.82, 1560, 1239.784, 2144.2200000000003, 37),
	(20, 5, 1997, 5, 70, 1142.86, 78.57, 215.23809523809527, 18197, 11.51, 173.41733333333335, 1506.67, 23.6, 355.5733333333334, 6.7, 100.94666666666667, 0.6, 9.040000000000001, 1, 15.066666666666668, 0.2, 3.0133333333333336, 4.7, 70.81333333333333, 1.6, 24.10666666666667, 0.1, 1.5066666666666668, 1506.6666666666667, 1236.8226666666667, 1990.3066666666668, 38),
	(21, 3, 2002, 4, 60, 857.14, 128.57, 174.2857142857143, 14640, 8.31, 101.382, 1220, 23.6, 287.92, 6.7, 81.74000000000001, 0.6, 7.32, 1, 12.200000000000001, 0.2, 2.44, 4.7, 57.34, 1.6, 19.52, 0.1, 1.22, 1220, 1040.538, 1611.62, 39),
	(22, 12, 2007, 2, 25, 1142.86, 78.57, 207.73809523809527, 17450, 10.88, 158.21333333333337, 1454.17, 23.6, 343.1833333333334, 6.7, 97.42916666666667, 0.6, 8.725000000000001, 1, 14.541666666666668, 0.2, 2.9083333333333337, 4.7, 68.34583333333333, 1.6, 23.26666666666667, 0.1, 1.4541666666666668, 1454.1666666666667, 1202.8866666666668, 1920.9541666666669, 40),
	(23, 4, 2002, 4, 60, 892.86, 121.43, 179.04761904761904, 15040, 9.39, 100.87542857142857, 1253.33, 23.6, 295.7866666666667, 6.7, 83.97333333333333, 0.6, 7.52, 1, 12.533333333333333, 0.2, 2.5066666666666664, 4.7, 58.906666666666666, 1.6, 20.05333333333333, 0.1, 1.2533333333333332, 1074.2857142857142, 893.1969523809523, 1476.6057142857144, 41),
	(24, 7, 2001, 4, 60, 1428.57, 250, 289.76190476190476, 24340, 14.63, 296.7451666666667, 2028.33, 23.6, 478.6866666666667, 6.7, 135.89833333333334, 0.6, 12.170000000000002, 1, 20.283333333333335, 0.2, 4.056666666666667, 4.7, 95.33166666666668, 1.6, 32.45333333333333, 0.1, 2.0283333333333333, 2028.3333333333335, 1601.7748333333334, 2679.4283333333333, 42),
	(25, 4, 2006, 2, 25, 892.86, 121.43, 173.2142857142857, 14750, 8.31, 100.75875, 1212.5, 23.6, 286.15000000000003, 6.7, 81.23750000000001, 0.6, 7.275, 1, 12.125, 0.2, 2.4250000000000003, 4.7, 56.9875, 1.6, 19.400000000000002, 0.1, 1.2125000000000001, 1212.5, 1034.14125, 1601.7125, 43),
	(26, 7, 2008, 2, 25, 892.86, 121.43, 173.2142857142857, 14550, 8.31, 86.36464285714285, 1212.5, 23.6, 286.15000000000003, 6.7, 81.23750000000001, 0.6, 7.275, 1, 12.125, 0.2, 2.4250000000000003, 4.7, 56.9875, 1.6, 19.400000000000002, 0.1, 1.2125000000000001, 1039.2857142857142, 875.3210714285714, 1428.4982142857143, 44),
	(27, 2, 1997, 5, 70, 1000, 114.29, 197.38095238095238, 16736, 10.18, 120.56028571428571, 1381.67, 23.6, 326.0733333333333, 6.7, 92.57166666666666, 0.6, 8.29, 1, 13.816666666666665, 0.2, 2.763333333333333, 4.7, 64.93833333333333, 1.6, 22.106666666666666, 0.1, 1.3816666666666666, 1184.2857142857142, 975.2987619047618, 1627.800714285714, 45),
	(28, 4, 2007, 2, 25, 857.14, 71.43, 158.92857142857142, 13350, 6.12, 68.08500000000001, 1112.5, 23.6, 262.55, 6.7, 74.53750000000001, 0.6, 6.675, 1, 11.125, 0.2, 2.225, 4.7, 52.2875, 1.6, 17.8, 0.1, 1.1125, 1112.5, 973.2149999999999, 1469.6125000000002, 46),
	(29, 6, 2008, 2, 25, 857.14, 71.43, 158.92857142857142, 13350, 6.12, 58.35857142857143, 1112.5, 23.6, 262.55, 6.7, 74.53750000000001, 0.6, 6.675, 1, 11.125, 0.2, 2.225, 4.7, 52.2875, 1.6, 17.8, 0.1, 1.1125, 953.5714285714286, 824.0128571428571, 1310.6839285714286, 47),
	(30, 7, 2012, 0, 0, 1000, 114.29, 185.7142857142857, 15690, 9.39, 104.63142857142857, 1300, 23.6, 306.8, 6.7, 87.10000000000001, 0.6, 7.8, 1, 13, 0.2, 2.6, 4.7, 61.1, 1.6, 20.8, 0.1, 1.3, 1114.2857142857142, 926.4542857142856, 1531.5857142857144, 48),
	(31, 12, 2005, 3, 45, 892.86, 121.43, 176.54761904761904, 14830, 8.31, 88.02664285714286, 1235.83, 23.6, 291.6566666666667, 6.7, 82.80083333333333, 0.6, 7.415, 1, 12.358333333333333, 0.2, 2.4716666666666667, 4.7, 58.08416666666666, 1.6, 19.773333333333333, 0.1, 1.2358333333333333, 1059.2857142857142, 892.165738095238, 1455.9882142857143, 49),
	(32, 8, 2013, 0, 0, 857.14, 128.57, 164.28571428571428, 13800, 6.12, 70.38000000000001, 1150, 23.6, 271.40000000000003, 6.7, 77.05000000000001, 0.6, 6.9, 1, 11.5, 0.2, 2.3000000000000003, 4.7, 54.05, 1.6, 18.400000000000002, 0.1, 1.1500000000000001, 1150, 1006.02, 1519.15, 50),
	(33, 9, 2014, 0, 0, 1000, 114.29, 185.7142857142857, 15600, 9.39, 122.07000000000002, 1300, 23.6, 306.8, 6.7, 87.10000000000001, 0.6, 7.8, 1, 13, 0.2, 2.6, 4.7, 61.1, 1.6, 20.8, 0.1, 1.3, 1300, 1094.73, 1717.3000000000002, 51),
	(34, 3, 1997, 5, 70, 750, 71.43, 148.57142857142858, 12623, 3.3, 34.32, 1040, 23.6, 245.44000000000003, 6.7, 69.68, 0.6, 6.24, 1, 10.4, 0.2, 2.08, 4.7, 48.88, 1.6, 16.64, 0.1, 1.04, 1040, 939.12, 1373.8400000000001, 52),
	(35, 10, 2012, 0, 0, 892.86, 121.43, 169.04761904761907, 14245, 8.31, 98.33500000000002, 1183.33, 23.6, 279.2666666666667, 6.7, 79.28333333333335, 0.6, 7.100000000000001, 1, 11.833333333333336, 0.2, 2.366666666666667, 4.7, 55.616666666666674, 1.6, 18.933333333333337, 0.1, 1.1833333333333336, 1183.3333333333335, 1009.2650000000001, 1563.1833333333336, 53),
	(36, 3, 2011, 1, 15, 892.86, 121.43, 171.54761904761904, 14410, 8.31, 85.53364285714287, 1200.83, 23.6, 283.39666666666665, 6.7, 80.45583333333333, 0.6, 7.205, 1, 12.008333333333333, 0.2, 2.4016666666666664, 4.7, 56.439166666666665, 1.6, 19.21333333333333, 0.1, 1.2008333333333332, 1029.2857142857142, 866.8987380952381, 1414.7532142857142, 54),
	(37, 2, 2006, 2, 25, 857.14, 71.43, 158.92857142857142, 13590, 6.12, 58.35857142857143, 1112.5, 23.6, 262.55, 6.7, 74.53750000000001, 0.6, 6.675, 1, 11.125, 0.2, 2.225, 4.7, 52.2875, 1.6, 17.8, 0.1, 1.1125, 953.5714285714286, 824.0128571428571, 1310.6839285714286, 55),
	(38, 7, 2009, 1, 15, 857.14, 128.57, 166.78571428571428, 14055, 8.31, 97.01925000000001, 1167.5, 23.6, 275.53000000000003, 6.7, 78.22250000000001, 0.6, 7.005, 1, 11.675, 0.2, 2.335, 4.7, 54.8725, 1.6, 18.68, 0.1, 1.1675, 1167.5, 995.76075, 1542.2675, 57),
	(39, 1, 1999, 5, 70, 892.86, 121.43, 180.7142857142857, 15180, 9.39, 118.78350000000002, 1265, 23.6, 298.54, 6.7, 84.75500000000001, 0.6, 7.59, 1, 12.65, 0.2, 2.5300000000000002, 4.7, 59.455, 1.6, 20.240000000000002, 0.1, 1.2650000000000001, 1265, 1065.2565, 1671.065, 58),
	(40, 5, 1996, 6, 83, 1214.29, 178.57, 245.97619047619048, 20662, 12.6, 185.958, 1721.83, 23.6, 406.3526666666667, 6.7, 115.36283333333336, 0.6, 10.331000000000001, 1, 17.218333333333334, 0.2, 3.443666666666667, 4.7, 80.92616666666667, 1.6, 27.549333333333337, 0.1, 1.7218333333333335, 1475.857142857143, 1179.7018095238095, 2028.5656428571428, 59),
	(41, 2, 2015, 0, 0, 985.71, 85.71, 178.57142857142856, 13571.428571428569, 6.12, 65.57142857142857, 1250, 23.6, 295, 6.7, 83.75, 0.6, 7.5, 1, 12.5, 0.2, 2.5, 4.7, 58.75, 1.6, 20, 0.1, 1.25, 1071.4285714285713, 925.8571428571428, 1472.6785714285713, 60),
	(42, 9, 2008, 2, 25, 857.14, 71.43, 158.92857142857142, 13350, 6.12, 58.35857142857143, 1112.5, 23.6, 262.55, 6.7, 74.53750000000001, 0.6, 6.675, 1, 11.125, 0.2, 2.225, 4.7, 52.2875, 1.6, 17.8, 0.1, 1.1125, 953.5714285714286, 824.0128571428571, 1310.6839285714286, 61),
	(43, 10, 2010, 1, 15, 1785.71, 357.14, 359.64285714285717, 30210, 17.38, 437.54150000000004, 2517.5, 23.6, 594.1300000000001, 6.7, 168.67250000000004, 0.6, 15.105000000000002, 1, 25.175000000000004, 0.2, 5.035000000000001, 4.7, 118.32250000000002, 1.6, 40.28000000000001, 0.1, 2.5175000000000005, 2517.5000000000005, 1918.8385000000003, 3325.6175000000007, 62),
	(44, 1, 2011, 1, 15, 1214.29, 178.57, 234.64285714285714, 19710, 12.08, 198.41400000000002, 1642.5, 23.6, 387.63000000000005, 6.7, 110.04750000000001, 0.6, 9.855, 1, 16.425, 0.2, 3.285, 4.7, 77.1975, 1.6, 26.28, 0.1, 1.6425, 1642.5, 1338.966, 2169.7425000000003, 63),
	(45, 5, 2012, 0, 0, 1142.86, 78.57, 203.57142857142858, 17235, 10.88, 132.8914285714286, 1425, 23.6, 336.30000000000007, 6.7, 95.47500000000002, 0.6, 8.55, 1, 14.250000000000002, 0.2, 2.8500000000000005, 4.7, 66.97500000000001, 1.6, 22.800000000000004, 0.1, 1.4250000000000003, 1221.4285714285716, 997.3371428571429, 1678.8535714285717, 64),
	(46, 4, 2010, 1, 15, 857.14, 71.43, 157.26190476190476, 13210, 6.12, 67.371, 1100.83, 23.6, 259.7966666666667, 6.7, 73.75583333333333, 0.6, 6.6049999999999995, 1, 11.008333333333333, 0.2, 2.2016666666666667, 4.7, 51.73916666666666, 1.6, 17.613333333333333, 0.1, 1.1008333333333333, 1100.8333333333333, 963.0089999999999, 1454.2008333333333, 65),
	(47, 9, 2009, 1, 15, 857.14, 128.57, 166.78571428571428, 14035, 8.31, 83.15935714285715, 1167.5, 23.6, 275.53000000000003, 6.7, 78.22250000000001, 0.6, 7.005, 1, 11.675, 0.2, 2.335, 4.7, 54.8725, 1.6, 18.68, 0.1, 1.1675, 1000.7142857142857, 842.8349285714285, 1375.4817857142857, 66),
	(48, 10, 2013, 0, 0, 1142.86, 78.57, 203.57142857142858, 17100, 10.88, 155.04000000000005, 1425, 23.6, 336.30000000000007, 6.7, 95.47500000000002, 0.6, 8.55, 1, 14.250000000000002, 0.2, 2.8500000000000005, 4.7, 66.97500000000001, 1.6, 22.800000000000004, 0.1, 1.4250000000000003, 1425.0000000000002, 1178.7600000000002, 1882.4250000000004, 67),
	(49, 7, 2011, 1, 15, 857.14, 128.57, 166.78571428571428, 14010, 8.31, 83.15935714285715, 1167.5, 23.6, 275.53000000000003, 6.7, 78.22250000000001, 0.6, 7.005, 1, 11.675, 0.2, 2.335, 4.7, 54.8725, 1.6, 18.68, 0.1, 1.1675, 1000.7142857142857, 842.8349285714285, 1375.4817857142857, 68),
	(50, 4, 2009, 1, 15, 2142.86, 357.14, 419.1666666666667, 35310, 18.94, 555.7311666666667, 2934.17, 23.6, 692.4633333333334, 6.7, 196.58916666666667, 0.6, 17.605, 1, 29.341666666666665, 0.2, 5.868333333333333, 4.7, 137.90583333333333, 1.6, 46.946666666666665, 0.1, 2.9341666666666666, 2934.1666666666665, 2190.648833333333, 3876.0341666666664, 69),
	(51, 8, 2001, 4, 60, 1000, 114.29, 195.7142857142857, 16440, 10.18, 139.466, 1370, 23.6, 323.32, 6.7, 91.79, 0.6, 8.22, 1, 13.700000000000001, 0.2, 2.74, 4.7, 64.39, 1.6, 21.92, 0.1, 1.37, 1370, 1142.854, 1809.77, 70),
	(52, 1, 2005, 3, 45, 1214.29, 178.57, 239.64285714285714, 20130, 12.6, 211.365, 1677.5, 23.6, 395.89000000000004, 6.7, 112.39250000000001, 0.6, 10.065, 1, 16.775, 0.2, 3.355, 4.7, 78.8425, 1.6, 26.84, 0.1, 1.6775, 1677.5, 1358.775, 2215.9775, 71),
	(53, 7, 2001, 4, 60, 857.14, 128.57, 174.2857142857143, 14640, 8.31, 86.89885714285715, 1220, 23.6, 287.92, 6.7, 81.74000000000001, 0.6, 7.32, 1, 12.200000000000001, 0.2, 2.44, 4.7, 57.34, 1.6, 19.52, 0.1, 1.22, 1045.7142857142858, 880.7354285714287, 1437.3342857142857, 72),
	(54, 10, 2014, 0, 0, 857.14, 71.43, 154.76190476190476, 13000, 3.3, 35.75, 1083.33, 23.6, 255.66666666666666, 6.7, 72.58333333333333, 0.6, 6.5, 1, 10.833333333333332, 0.2, 2.1666666666666665, 4.7, 50.916666666666664, 1.6, 17.333333333333332, 0.1, 1.0833333333333333, 1083.3333333333333, 978.2499999999999, 1431.0833333333333, 73),
	(55, 3, 2010, 1, 15, 1214.29, 178.57, 234.64285714285714, 19710, 12.08, 198.41400000000002, 1642.5, 23.6, 387.63000000000005, 6.7, 110.04750000000001, 0.6, 9.855, 1, 16.425, 0.2, 3.285, 4.7, 77.1975, 1.6, 26.28, 0.1, 1.6425, 1642.5, 1338.966, 2169.7425000000003, 74),
	(56, 1, 2009, 1, 15, 1428.57, 100, 257.26190476190476, 21740, 13.06, 235.18883333333335, 1800.83, 23.6, 424.9966666666667, 6.7, 120.65583333333335, 0.6, 10.805000000000001, 1, 18.008333333333336, 0.2, 3.601666666666667, 4.7, 84.63916666666667, 1.6, 28.813333333333336, 0.1, 1.8008333333333335, 1800.8333333333335, 1450.3911666666668, 2378.9008333333336, 75),
	(57, 4, 2011, 1, 15, 1285.71, 214.29, 252.5, 21210, 13.06, 230.8355, 1767.5, 23.6, 417.13000000000005, 6.7, 118.42250000000001, 0.6, 10.605, 1, 17.675, 0.2, 3.535, 4.7, 83.0725, 1.6, 28.28, 0.1, 1.7675, 1767.5, 1423.5445, 2334.8675000000003, 76),
	(58, 6, 2002, 4, 60, 1214.29, 178.57, 242.14285714285714, 20340, 12.6, 183.06, 1695, 23.6, 400.02000000000004, 6.7, 113.56500000000001, 0.6, 10.17, 1, 16.95, 0.2, 3.39, 4.7, 79.665, 1.6, 27.12, 0.1, 1.695, 1452.857142857143, 1161.317142857143, 1996.952142857143, 77),
	(59, 9, 2007, 2, 25, 1142.86, 78.57, 207.73809523809527, 17450, 10.88, 135.6114285714286, 1454.17, 23.6, 343.1833333333334, 6.7, 97.42916666666667, 0.6, 8.725000000000001, 1, 14.541666666666668, 0.2, 2.9083333333333337, 4.7, 68.34583333333333, 1.6, 23.26666666666667, 0.1, 1.4541666666666668, 1246.4285714285716, 1017.7504761904763, 1713.2160714285717, 78),
	(60, 11, 2001, 4, 60, 1428.57, 250, 289.76190476190476, 24340, 14.63, 296.7451666666667, 2028.33, 23.6, 478.6866666666667, 6.7, 135.89833333333334, 0.6, 12.170000000000002, 1, 20.283333333333335, 0.2, 4.056666666666667, 4.7, 95.33166666666668, 1.6, 32.45333333333333, 0.1, 2.0283333333333333, 2028.3333333333335, 1601.7748333333334, 2679.4283333333333, 79),
	(61, 3, 2014, 0, 0, 1428.57, 250, 279.76190476190476, 23500, 14.05, 235.83928571428575, 1958.33, 23.6, 462.16666666666674, 6.7, 131.20833333333334, 0.6, 11.750000000000002, 1, 19.583333333333336, 0.2, 3.916666666666667, 4.7, 92.04166666666667, 1.6, 31.333333333333336, 0.1, 1.9583333333333335, 1678.5714285714287, 1317.3988095238096, 2307.196428571429, 80),
	(62, 3, 2009, 1, 15, 857.14, 128.57, 166.78571428571428, 14120, 8.31, 97.01925000000001, 1167.5, 23.6, 275.53000000000003, 6.7, 78.22250000000001, 0.6, 7.005, 1, 11.675, 0.2, 2.335, 4.7, 54.8725, 1.6, 18.68, 0.1, 1.1675, 1167.5, 995.76075, 1542.2675, 81),
	(63, 7, 2000, 4, 60, 857.14, 128.57, 174.2857142857143, 14640, 8.31, 86.89885714285715, 1220, 23.6, 287.92, 6.7, 81.74000000000001, 0.6, 7.32, 1, 12.200000000000001, 0.2, 2.44, 4.7, 57.34, 1.6, 19.52, 0.1, 1.22, 1045.7142857142858, 880.7354285714287, 1437.3342857142857, 82),
	(64, 7, 2009, 1, 15, 1214.29, 178.57, 234.64285714285714, 19755, 12.08, 170.06914285714288, 1642.5, 23.6, 387.63000000000005, 6.7, 110.04750000000001, 0.6, 9.855, 1, 16.425, 0.2, 3.285, 4.7, 77.1975, 1.6, 26.28, 0.1, 1.6425, 1407.857142857143, 1132.6680000000001, 1935.099642857143, 83),
	(65, 11, 2002, 4, 60, 1142.86, 78.57, 213.57142857142858, 17940, 10.88, 139.4194285714286, 1495, 23.6, 352.82000000000005, 6.7, 100.16500000000002, 0.6, 8.970000000000002, 1, 14.950000000000003, 0.2, 2.9900000000000007, 4.7, 70.26500000000001, 1.6, 23.920000000000005, 0.1, 1.4950000000000003, 1281.4285714285716, 1046.3291428571429, 1761.3235714285715, 84),
	(66, 5, 1998, 5, 70, 1214.29, 178.57, 243.80952380952382, 20480, 12.6, 215.04000000000002, 1706.67, 23.6, 402.77333333333337, 6.7, 114.34666666666668, 0.6, 10.24, 1, 17.066666666666666, 0.2, 3.4133333333333336, 4.7, 80.21333333333334, 1.6, 27.30666666666667, 0.1, 1.7066666666666668, 1706.6666666666667, 1382.4, 2254.5066666666667, 85),
	(67, 11, 2013, 0, 0, 857.14, 128.57, 164.28571428571428, 13800, 6.12, 70.38000000000001, 1150, 23.6, 271.40000000000003, 6.7, 77.05000000000001, 0.6, 6.9, 1, 11.5, 0.2, 2.3000000000000003, 4.7, 54.05, 1.6, 18.400000000000002, 0.1, 1.1500000000000001, 1150, 1006.02, 1519.15, 86),
	(68, 10, 1996, 6, 83, 1214.29, 178.57, 245.97619047619048, 20662, 12.6, 216.95100000000002, 1721.83, 23.6, 406.3526666666667, 6.7, 115.36283333333336, 0.6, 10.331000000000001, 1, 17.218333333333334, 0.2, 3.443666666666667, 4.7, 80.92616666666667, 1.6, 27.549333333333337, 0.1, 1.7218333333333335, 1721.8333333333335, 1394.6850000000002, 2274.5418333333337, 87),
	(69, 11, 2001, 4, 60, 1428.57, 100, 264.76190476190476, 22240, 13.49, 214.29828571428573, 1853.33, 23.6, 437.3866666666667, 6.7, 124.17333333333335, 0.6, 11.120000000000001, 1, 18.533333333333335, 0.2, 3.706666666666667, 4.7, 87.10666666666667, 1.6, 29.653333333333336, 0.1, 1.8533333333333335, 1588.5714285714287, 1255.6598095238096, 2183.4914285714285, 88),
	(70, 1, 2000, 4, 60, 985.71, 85.71, 188.57142857142856, 15970, 9.39, 123.94800000000002, 1320, 23.6, 311.52000000000004, 6.7, 88.44000000000001, 0.6, 7.92, 1, 13.200000000000001, 0.2, 2.64, 4.7, 62.04, 1.6, 21.12, 0.1, 1.32, 1320, 1111.5720000000001, 1743.72, 89),
	(71, 3, 2005, 3, 45, 1428.57, 250, 287.26190476190476, 24130, 14.63, 252.15850000000003, 2010.83, 23.6, 474.55666666666673, 6.7, 134.72583333333336, 0.6, 12.065000000000001, 1, 20.108333333333334, 0.2, 4.021666666666667, 4.7, 94.50916666666667, 1.6, 32.17333333333334, 0.1, 2.0108333333333337, 1723.5714285714287, 1342.7195952380953, 2369.048928571429, 90),
	(72, 2, 2009, 1, 15, 892.86, 121.43, 171.54761904761904, 14530, 8.31, 99.78925, 1200.83, 23.6, 283.39666666666665, 6.7, 80.45583333333333, 0.6, 7.205, 1, 12.008333333333333, 0.2, 2.4016666666666664, 4.7, 56.439166666666665, 1.6, 19.21333333333333, 0.1, 1.2008333333333332, 1200.8333333333333, 1024.19075, 1586.3008333333332, 91),
	(73, 3, 2015, 0, 0, 985.71, 85.71, 178.57142857142856, 12500, 3.3, 41.25, 1250, 23.6, 295, 6.7, 83.75, 0.6, 7.5, 1, 12.5, 0.2, 2.5, 4.7, 58.75, 1.6, 20, 0.1, 1.25, 1250, 1128.75, 1651.25, 92),
	(74, 11, 2009, 1, 15, 2142.86, 357.14, 419.1666666666667, 35215, 18.94, 476.341, 2934.17, 23.6, 692.4633333333334, 6.7, 196.58916666666667, 0.6, 17.605, 1, 29.341666666666665, 0.2, 5.868333333333333, 4.7, 137.90583333333333, 1.6, 46.946666666666665, 0.1, 2.9341666666666666, 2515, 1850.8723333333332, 3456.8675000000003, 93),
	(75, 5, 2006, 2, 25, 1000, 114.29, 189.88095238095238, 16130, 10.18, 115.97928571428571, 1329.17, 23.6, 313.68333333333334, 6.7, 89.05416666666666, 0.6, 7.975, 1, 13.291666666666666, 0.2, 2.658333333333333, 4.7, 62.470833333333324, 1.6, 21.266666666666666, 0.1, 1.3291666666666666, 1139.2857142857142, 938.2397619047618, 1565.9482142857141, 95),
	(76, 4, 2004, 3, 45, 1428.57, 250, 287.26190476190476, 24130, 14.63, 252.15850000000003, 2010.83, 23.6, 474.55666666666673, 6.7, 134.72583333333336, 0.6, 12.065000000000001, 1, 20.108333333333334, 0.2, 4.021666666666667, 4.7, 94.50916666666667, 1.6, 32.17333333333334, 0.1, 2.0108333333333337, 1723.5714285714287, 1342.7195952380953, 2369.048928571429, 96),
	(77, 1, 2006, 2, 25, 857.14, 128.57, 168.45238095238093, 14410, 8.31, 83.99035714285715, 1179.17, 23.6, 278.2833333333333, 6.7, 79.00416666666666, 0.6, 7.074999999999999, 1, 11.791666666666666, 0.2, 2.358333333333333, 4.7, 55.42083333333333, 1.6, 18.866666666666664, 0.1, 1.1791666666666665, 1010.7142857142857, 851.2572619047619, 1389.2267857142856, 97),
	(78, 7, 2004, 3, 45, 1000, 114.29, 193.2142857142857, 16230, 10.18, 118.01528571428571, 1352.5, 23.6, 319.19, 6.7, 90.6175, 0.6, 8.115, 1, 13.525, 0.2, 2.705, 4.7, 63.5675, 1.6, 21.64, 0.1, 1.3525, 1159.2857142857142, 954.7104285714286, 1593.4382142857144, 98),
	(79, 8, 2007, 2, 25, 1214.29, 178.57, 236.30952380952382, 19850, 12.08, 199.82333333333335, 1654.17, 23.6, 390.3833333333334, 6.7, 110.82916666666668, 0.6, 9.925, 1, 16.541666666666668, 0.2, 3.3083333333333336, 4.7, 77.74583333333334, 1.6, 26.46666666666667, 0.1, 1.6541666666666668, 1654.1666666666667, 1348.4766666666667, 2185.1541666666667, 99),
	(80, 10, 2009, 1, 15, 857.14, 71.43, 157.26190476190476, 13225, 6.12, 57.74657142857143, 1100.83, 23.6, 259.7966666666667, 6.7, 73.75583333333333, 0.6, 6.6049999999999995, 1, 11.008333333333333, 0.2, 2.2016666666666667, 4.7, 51.73916666666666, 1.6, 17.613333333333333, 0.1, 1.1008333333333333, 943.5714285714286, 815.3715238095238, 1296.9389285714285, 100),
	(81, 12, 2005, 3, 45, 1285.71, 214.29, 257.5, 21630, 13.06, 201.777, 1802.5, 23.6, 425.39000000000004, 6.7, 120.76750000000001, 0.6, 10.815, 1, 18.025000000000002, 0.2, 3.605, 4.7, 84.7175, 1.6, 28.84, 0.1, 1.8025, 1545, 1227.863, 2123.6025, 101),
	(82, 9, 2006, 2, 25, 2142.86, 357.14, 420.8333333333333, 35405, 18.94, 557.9408333333334, 2945.83, 23.6, 695.2166666666667, 6.7, 197.37083333333337, 0.6, 17.675, 1, 29.458333333333336, 0.2, 5.8916666666666675, 4.7, 138.45416666666668, 1.6, 47.13333333333334, 0.1, 2.9458333333333337, 2945.8333333333335, 2199.3591666666666, 3891.4458333333337, 102),
	(83, 12, 2014, 0, 0, 2142.86, 357.14, 416.6666666666667, 35000, 18.63, 465.75, 2916.67, 23.6, 688.3333333333334, 6.7, 195.41666666666666, 0.6, 17.5, 1, 29.166666666666664, 0.2, 5.833333333333333, 4.7, 137.08333333333331, 1.6, 46.666666666666664, 0.1, 2.9166666666666665, 2500, 1847.5833333333335, 3436.25, 103),
	(84, 8, 2014, 0, 0, 1285.71, 214.29, 250, 21000, 12.6, 189, 1750, 23.6, 413, 6.7, 117.25, 0.6, 10.5, 1, 17.5, 0.2, 3.5, 4.7, 82.25, 1.6, 28, 0.1, 1.75, 1500, 1199, 2061.75, 104),
	(85, 10, 2009, 1, 15, 1142.86, 78.57, 206.07142857142858, 17325, 10.88, 134.52342857142858, 1442.5, 23.6, 340.43000000000006, 6.7, 96.64750000000002, 0.6, 8.655000000000001, 1, 14.425000000000002, 0.2, 2.8850000000000007, 4.7, 67.79750000000001, 1.6, 23.080000000000005, 0.1, 1.4425000000000003, 1236.4285714285716, 1009.585142857143, 1699.4710714285716, 105),
	(86, 7, 2007, 2, 25, 1214.29, 178.57, 236.30952380952382, 19850, 12.08, 171.27714285714288, 1654.17, 23.6, 390.3833333333334, 6.7, 110.82916666666668, 0.6, 9.925, 1, 16.541666666666668, 0.2, 3.3083333333333336, 4.7, 77.74583333333334, 1.6, 26.46666666666667, 0.1, 1.6541666666666668, 1417.857142857143, 1140.7133333333334, 1948.8446428571428, 106),
	(87, 5, 2001, 4, 60, 1000, 114.29, 195.7142857142857, 16440, 10.18, 139.466, 1370, 23.6, 323.32, 6.7, 91.79, 0.6, 8.22, 1, 13.700000000000001, 0.2, 2.74, 4.7, 64.39, 1.6, 21.92, 0.1, 1.37, 1370, 1142.854, 1809.77, 107),
	(88, 4, 2006, 2, 25, 1214.29, 178.57, 236.30952380952382, 20050, 12.6, 208.425, 1654.17, 23.6, 390.3833333333334, 6.7, 110.82916666666668, 0.6, 9.925, 1, 16.541666666666668, 0.2, 3.3083333333333336, 4.7, 77.74583333333334, 1.6, 26.46666666666667, 0.1, 1.6541666666666668, 1654.1666666666667, 1339.875, 2185.1541666666667, 108),
	(89, 6, 2006, 2, 25, 985.71, 85.71, 182.7380952380952, 15465, 9.39, 120.11375, 1279.17, 23.6, 301.8833333333333, 6.7, 85.70416666666667, 0.6, 7.674999999999999, 1, 12.791666666666666, 0.2, 2.558333333333333, 4.7, 60.12083333333332, 1.6, 20.466666666666665, 0.1, 1.2791666666666666, 1279.1666666666665, 1077.1862499999997, 1689.7791666666665, 109),
	(90, 2, 2003, 3, 45, 2142.86, 357.14, 424.1666666666667, 35810, 18.94, 482.023, 2969.17, 23.6, 700.7233333333334, 6.7, 198.93416666666667, 0.6, 17.814999999999998, 1, 29.691666666666666, 0.2, 5.9383333333333335, 4.7, 139.55083333333332, 1.6, 47.50666666666667, 0.1, 2.9691666666666667, 2545, 1872.9503333333332, 3498.1025, 110),
	(91, 4, 2007, 2, 25, 1000, 114.29, 189.88095238095238, 15950, 9.39, 106.97892857142858, 1329.17, 23.6, 313.68333333333334, 6.7, 89.05416666666666, 0.6, 7.975, 1, 13.291666666666666, 0.2, 2.658333333333333, 4.7, 62.470833333333324, 1.6, 21.266666666666666, 0.1, 1.3291666666666666, 1139.2857142857142, 947.2401190476189, 1565.9482142857141, 111),
	(92, 9, 2008, 2, 25, 1142.86, 78.57, 207.73809523809527, 17450, 10.88, 135.6114285714286, 1454.17, 23.6, 343.1833333333334, 6.7, 97.42916666666667, 0.6, 8.725000000000001, 1, 14.541666666666668, 0.2, 2.9083333333333337, 4.7, 68.34583333333333, 1.6, 23.26666666666667, 0.1, 1.4541666666666668, 1246.4285714285716, 1017.7504761904763, 1713.2160714285717, 112),
	(93, 6, 1996, 6, 83, 1000, 114.29, 199.54761904761904, 16762, 10.18, 142.19763333333333, 1396.83, 23.6, 329.6526666666667, 6.7, 93.58783333333334, 0.6, 8.381, 1, 13.968333333333334, 0.2, 2.7936666666666667, 4.7, 65.65116666666667, 1.6, 22.349333333333334, 0.1, 1.3968333333333334, 1396.8333333333333, 1165.2383666666665, 1845.2168333333334, 113),
	(94, 6, 2009, 1, 15, 1142.86, 78.57, 206.07142857142858, 17365, 10.88, 156.94400000000005, 1442.5, 23.6, 340.43000000000006, 6.7, 96.64750000000002, 0.6, 8.655000000000001, 1, 14.425000000000002, 0.2, 2.8850000000000007, 4.7, 67.79750000000001, 1.6, 23.080000000000005, 0.1, 1.4425000000000003, 1442.5000000000002, 1193.236, 1905.5425000000005, 114),
	(95, 6, 2003, 3, 45, 2142.86, 357.14, 424.1666666666667, 35690, 18.94, 482.023, 2969.17, 23.6, 700.7233333333334, 6.7, 198.93416666666667, 0.6, 17.814999999999998, 1, 29.691666666666666, 0.2, 5.9383333333333335, 4.7, 139.55083333333332, 1.6, 47.50666666666667, 0.1, 2.9691666666666667, 2545, 1872.9503333333332, 3498.1025, 115),
	(96, 2, 2007, 2, 25, 1428.57, 100, 258.92857142857144, 21750, 13.06, 202.89642857142857, 1812.5, 23.6, 427.75, 6.7, 121.43750000000001, 0.6, 10.875, 1, 18.125, 0.2, 3.625, 4.7, 85.1875, 1.6, 29, 0.1, 1.8125, 1553.5714285714287, 1234.6750000000002, 2135.3839285714284, 116),
	(97, 4, 2011, 1, 15, 857.14, 128.57, 166.78571428571428, 14010, 8.31, 83.15935714285715, 1167.5, 23.6, 275.53000000000003, 6.7, 78.22250000000001, 0.6, 7.005, 1, 11.675, 0.2, 2.335, 4.7, 54.8725, 1.6, 18.68, 0.1, 1.1675, 1000.7142857142857, 842.8349285714285, 1375.4817857142857, 118),
	(98, 9, 2012, 0, 0, 985.71, 85.71, 178.57142857142856, 15060, 9.39, 100.60714285714286, 1250, 23.6, 295, 6.7, 83.75, 0.6, 7.5, 1, 12.5, 0.2, 2.5, 4.7, 58.75, 1.6, 20, 0.1, 1.25, 1071.4285714285713, 890.8214285714284, 1472.6785714285713, 119),
	(99, 8, 2006, 2, 25, 1428.57, 250, 283.92857142857144, 23925, 14.05, 279.24375000000003, 1987.5, 23.6, 469.05, 6.7, 133.1625, 0.6, 11.925, 1, 19.875, 0.2, 3.975, 4.7, 93.4125, 1.6, 31.8, 0.1, 1.9875, 1987.5, 1581.05625, 2625.4875, 120),
	(100, 10, 2014, 0, 0, 1000, 114.29, 185.7142857142857, 15600, 9.39, 104.63142857142857, 1300, 23.6, 306.8, 6.7, 87.10000000000001, 0.6, 7.8, 1, 13, 0.2, 2.6, 4.7, 61.1, 1.6, 20.8, 0.1, 1.3, 1114.2857142857142, 926.4542857142856, 1531.5857142857144, 122),
	(101, 9, 2013, 0, 0, 1428.57, 100, 254.7619047619048, 21400, 13.06, 199.6314285714286, 1783.33, 23.6, 420.86666666666673, 6.7, 119.48333333333335, 0.6, 10.700000000000001, 1, 17.833333333333336, 0.2, 3.566666666666667, 4.7, 83.81666666666668, 1.6, 28.533333333333335, 0.1, 1.7833333333333334, 1528.5714285714287, 1214.8066666666668, 2101.0214285714287, 123),
	(102, 12, 2012, 0, 0, 1214.29, 178.57, 232.14285714285714, 19500, 12.08, 196.3, 1625, 23.6, 383.5, 6.7, 108.875, 0.6, 9.75, 1, 16.25, 0.2, 3.25, 4.7, 76.375, 1.6, 26, 0.1, 1.625, 1625, 1324.7, 2146.625, 124),
	(103, 5, 1996, 1, 15, 857.14, 128.57, 166.78571428571428, 14100, 8.31, 83.15935714285715, 1167.5, 23.6, 275.53000000000003, 6.7, 78.22250000000001, 0.6, 7.005, 1, 11.675, 0.2, 2.335, 4.7, 54.8725, 1.6, 18.68, 0.1, 1.1675, 1000.7142857142857, 842.8349285714285, 1375.4817857142857, 26),
	(104, 2, 2000, 0, 0, 1785.71, 357.14, 357.14285714285717, 30000, 16.96, 363.4285714285715, 2500, 23.6, 590.0000000000001, 6.7, 167.50000000000003, 0.6, 15.000000000000004, 1, 25.000000000000004, 0.2, 5.000000000000001, 4.7, 117.50000000000003, 1.6, 40.00000000000001, 0.1, 2.5000000000000004, 2142.857142857143, 1619.4285714285716, 2945.357142857143, 29),
	(105, 12, 1999, 0, 0, 1142.86, 78.57, 203.57142857142858, 17100, 10.88, 132.8914285714286, 1425, 23.6, 336.30000000000007, 6.7, 95.47500000000002, 0.6, 8.55, 1, 14.250000000000002, 0.2, 2.8500000000000005, 4.7, 66.97500000000001, 1.6, 22.800000000000004, 0.1, 1.4250000000000003, 1221.4285714285716, 997.3371428571429, 1678.8535714285717, 33),
	(106, 8, 2000, 0, 0, 2142.86, 714.29, 476.19047619047615, 40000, 20.18, 672.6666666666666, 3333.33, 23.6, 786.6666666666666, 6.7, 223.33333333333331, 0.6, 20, 1, 33.33333333333333, 0.2, 6.666666666666666, 4.7, 156.66666666666666, 1.6, 53.33333333333333, 0.1, 3.333333333333333, 3333.333333333333, 2447.333333333333, 4403.333333333333, 36),
	(107, 2, 2002, 0, 0, 1285.71, 214.29, 250, 19000, 11.51, 172.64999999999998, 1750, 23.6, 413, 6.7, 117.25, 0.6, 10.5, 1, 17.5, 0.2, 3.5, 4.7, 82.25, 1.6, 28, 0.1, 1.75, 1500, 1215.35, 2061.75, 37),
	(108, 5, 1997, 1, 15, 1142.86, 78.57, 206.07142857142858, 17310, 10.88, 156.94400000000005, 1442.5, 23.6, 340.43000000000006, 6.7, 96.64750000000002, 0.6, 8.655000000000001, 1, 14.425000000000002, 0.2, 2.8850000000000007, 4.7, 67.79750000000001, 1.6, 23.080000000000005, 0.1, 1.4425000000000003, 1442.5000000000002, 1193.236, 1905.5425000000005, 38),
	(109, 3, 2002, 0, 0, 857.14, 128.57, 164.28571428571428, 11500, 0, 0, 1150, 23.6, 271.40000000000003, 6.7, 77.05000000000001, 0.6, 6.9, 1, 11.5, 0.2, 2.3000000000000003, 4.7, 54.05, 1.6, 18.400000000000002, 0.1, 1.1500000000000001, 1150, 1076.4, 1519.15, 39),
	(110, 4, 2002, 0, 0, 892.86, 121.43, 169.04761904761907, 10480.952380952382, 0, 0, 1183.33, 23.6, 279.2666666666667, 6.7, 79.28333333333335, 0.6, 7.100000000000001, 1, 11.833333333333336, 0.2, 2.366666666666667, 4.7, 55.616666666666674, 1.6, 18.933333333333337, 0.1, 1.1833333333333336, 1014.2857142857143, 938.552380952381, 1394.1357142857144, 41),
	(111, 7, 2001, 0, 0, 1428.57, 250, 279.76190476190476, 23500, 14.05, 275.14583333333337, 1958.33, 23.6, 462.16666666666674, 6.7, 131.20833333333334, 0.6, 11.750000000000002, 1, 19.583333333333336, 0.2, 3.916666666666667, 4.7, 92.04166666666667, 1.6, 31.333333333333336, 0.1, 1.9583333333333335, 1958.3333333333335, 1557.8541666666667, 2586.9583333333335, 42),
	(112, 2, 1997, 1, 15, 1000, 114.29, 188.2142857142857, 15810, 9.39, 106.03992857142858, 1317.5, 23.6, 310.93, 6.7, 88.27250000000001, 0.6, 7.905, 1, 13.175, 0.2, 2.6350000000000002, 4.7, 61.9225, 1.6, 21.080000000000002, 0.1, 1.3175000000000001, 1129.2857142857142, 938.9257857142857, 1552.2032142857142, 45),
	(113, 3, 1997, 1, 15, 750, 71.43, 139.4047619047619, 11710, 0, 0, 975.83, 23.6, 230.29666666666668, 6.7, 65.38083333333334, 0.6, 5.855, 1, 9.758333333333335, 0.2, 1.9516666666666669, 4.7, 45.86416666666667, 1.6, 15.613333333333335, 0.1, 0.9758333333333334, 975.8333333333334, 913.38, 1289.0758333333333, 52),
	(114, 1, 1999, 0, 0, 892.86, 121.43, 169.04761904761907, 14395, 8.31, 98.33500000000002, 1183.33, 23.6, 279.2666666666667, 6.7, 79.28333333333335, 0.6, 7.100000000000001, 1, 11.833333333333336, 0.2, 2.366666666666667, 4.7, 55.616666666666674, 1.6, 18.933333333333337, 0.1, 1.1833333333333336, 1183.3333333333335, 1009.2650000000001, 1563.1833333333336, 58),
	(115, 5, 1996, 1, 15, 1214.29, 178.57, 234.64285714285714, 19800, 12.08, 170.06914285714288, 1642.5, 23.6, 387.63000000000005, 6.7, 110.04750000000001, 0.6, 9.855, 1, 16.425, 0.2, 3.285, 4.7, 77.1975, 1.6, 26.28, 0.1, 1.6425, 1407.857142857143, 1132.6680000000001, 1935.099642857143, 59),
	(116, 8, 2001, 0, 0, 1000, 114.29, 185.7142857142857, 15600, 9.39, 122.07000000000002, 1300, 23.6, 306.8, 6.7, 87.10000000000001, 0.6, 7.8, 1, 13, 0.2, 2.6, 4.7, 61.1, 1.6, 20.8, 0.1, 1.3, 1300, 1094.73, 1717.3000000000002, 70),
	(117, 7, 2001, 0, 0, 857.14, 128.57, 164.28571428571428, 13800, 6.12, 60.325714285714284, 1150, 23.6, 271.40000000000003, 6.7, 77.05000000000001, 0.6, 6.9, 1, 11.5, 0.2, 2.3000000000000003, 4.7, 54.05, 1.6, 18.400000000000002, 0.1, 1.1500000000000001, 985.7142857142857, 851.7885714285713, 1354.8642857142856, 72),
	(118, 6, 2002, 0, 0, 1214.29, 178.57, 232.14285714285714, 11142.857142857143, 0, 0, 1625, 23.6, 383.5, 6.7, 108.875, 0.6, 9.75, 1, 16.25, 0.2, 3.25, 4.7, 76.375, 1.6, 26, 0.1, 1.625, 1392.857142857143, 1288.857142857143, 1914.482142857143, 77),
	(119, 11, 2001, 0, 0, 1428.57, 250, 279.76190476190476, 23500, 14.05, 275.14583333333337, 1958.33, 23.6, 462.16666666666674, 6.7, 131.20833333333334, 0.6, 11.750000000000002, 1, 19.583333333333336, 0.2, 3.916666666666667, 4.7, 92.04166666666667, 1.6, 31.333333333333336, 0.1, 1.9583333333333335, 1958.3333333333335, 1557.8541666666667, 2586.9583333333335, 79),
	(120, 7, 2000, 0, 0, 857.14, 128.57, 164.28571428571428, 13800, 6.12, 60.325714285714284, 1150, 23.6, 271.40000000000003, 6.7, 77.05000000000001, 0.6, 6.9, 1, 11.5, 0.2, 2.3000000000000003, 4.7, 54.05, 1.6, 18.400000000000002, 0.1, 1.1500000000000001, 985.7142857142857, 851.7885714285713, 1354.8642857142856, 82),
	(121, 5, 1998, 1, 15, 1214.29, 178.57, 234.64285714285714, 19710, 12.08, 198.41400000000002, 1642.5, 23.6, 387.63000000000005, 6.7, 110.04750000000001, 0.6, 9.855, 1, 16.425, 0.2, 3.285, 4.7, 77.1975, 1.6, 26.28, 0.1, 1.6425, 1642.5, 1338.966, 2169.7425000000003, 85),
	(122, 10, 1996, 1, 15, 1214.29, 178.57, 234.64285714285714, 19725, 12.08, 198.41400000000002, 1642.5, 23.6, 387.63000000000005, 6.7, 110.04750000000001, 0.6, 9.855, 1, 16.425, 0.2, 3.285, 4.7, 77.1975, 1.6, 26.28, 0.1, 1.6425, 1642.5, 1338.966, 2169.7425000000003, 87),
	(123, 11, 2001, 0, 0, 1428.57, 100, 254.7619047619048, 21400, 13.06, 199.6314285714286, 1783.33, 23.6, 420.86666666666673, 6.7, 119.48333333333335, 0.6, 10.700000000000001, 1, 17.833333333333336, 0.2, 3.566666666666667, 4.7, 83.81666666666668, 1.6, 28.533333333333335, 0.1, 1.7833333333333334, 1528.5714285714287, 1214.8066666666668, 2101.0214285714287, 88),
	(124, 1, 2000, 0, 0, 985.71, 85.71, 178.57142857142856, 15000, 8.31, 103.87500000000001, 1250, 23.6, 295, 6.7, 83.75, 0.6, 7.5, 1, 12.5, 0.2, 2.5, 4.7, 58.75, 1.6, 20, 0.1, 1.25, 1250, 1066.125, 1651.25, 89),
	(125, 5, 2001, 0, 0, 1000, 114.29, 185.7142857142857, 15600, 9.39, 122.07000000000002, 1300, 23.6, 306.8, 6.7, 87.10000000000001, 0.6, 7.8, 1, 13, 0.2, 2.6, 4.7, 61.1, 1.6, 20.8, 0.1, 1.3, 1300, 1094.73, 1717.3000000000002, 107),
	(126, 6, 1996, 1, 15, 1000, 114.29, 188.2142857142857, 15865, 9.39, 123.71325000000002, 1317.5, 23.6, 310.93, 6.7, 88.27250000000001, 0.6, 7.905, 1, 13.175, 0.2, 2.6350000000000002, 4.7, 61.9225, 1.6, 21.080000000000002, 0.1, 1.3175000000000001, 1317.5, 1109.46675, 1740.4175, 113);
/*!40000 ALTER TABLE `nomina` ENABLE KEYS */;

-- Volcando estructura para tabla nominas.trabajadorbbdd
CREATE TABLE IF NOT EXISTS `trabajadorbbdd` (
  `idTrabajador` int(11) NOT NULL AUTO_INCREMENT,
  `Nombre` varchar(50) NOT NULL DEFAULT '0',
  `Apellido1` varchar(75) NOT NULL DEFAULT '0',
  `Apellido2` varchar(75) DEFAULT '0',
  `NIFNIE` varchar(10) NOT NULL DEFAULT '0',
  `email` varchar(75) DEFAULT '0',
  `FechaAlta` date DEFAULT NULL,
  `CodigoCuenta` varchar(20) DEFAULT NULL,
  `IBAN` varchar(24) DEFAULT NULL,
  `IdEmpresa` int(11) NOT NULL DEFAULT '0',
  `IdCategoria` int(11) NOT NULL DEFAULT '0',
  PRIMARY KEY (`idTrabajador`),
  KEY `FK_Empresa` (`IdEmpresa`),
  KEY `FK_Categorias` (`IdCategoria`),
  CONSTRAINT `FK_Categorias` FOREIGN KEY (`IdCategoria`) REFERENCES `categorias` (`IdCategoria`),
  CONSTRAINT `FK_Empresa` FOREIGN KEY (`IdEmpresa`) REFERENCES `empresas` (`IdEmpresa`)
) ENGINE=InnoDB AUTO_INCREMENT=125 DEFAULT CHARSET=utf8;

-- Volcando datos para la tabla nominas.trabajadorbbdd: ~99 rows (aproximadamente)
/*!40000 ALTER TABLE `trabajadorbbdd` DISABLE KEYS */;
INSERT INTO `trabajadorbbdd` (`idTrabajador`, `Nombre`, `Apellido1`, `Apellido2`, `NIFNIE`, `email`, `FechaAlta`, `CodigoCuenta`, `IBAN`, `IdEmpresa`, `IdCategoria`) VALUES
	(26, 'Ramón ', 'Prieto', 'García', '00538394X', 'ramprga00@pblanksa.es', '1996-05-01', '23221158252545471411', 'SM4423221158252545471411', 21, 197),
	(27, 'Lorena', 'García', 'Pasado', '01234567L', 'lorgapa00@tecnoproyectsl.es', '2012-08-01', '20960043033000100000', 'ES8020960043033000100000', 22, 197),
	(28, 'Juan', 'Martinez', 'Fernandez', '01234567L', 'juamafe00@tecnoproyectsl.es', '2010-03-01', '20960583831234500000', 'ES3220960583831234500000', 22, 197),
	(29, 'Blas', 'Nuñez', 'Blanco', '02031127C', 'blanubl00@asoftware.es', '2000-02-01', '32658012367712548745', 'FI6132658012367712548745', 23, 198),
	(30, 'Sonia', 'Sevillano', 'Gomez', '02518676S', 'sonsego00@aphonsa.es', '2014-03-01', '65645150865168448896', 'AT8365645150865168448896', 24, 198),
	(31, 'Eulalia', 'Cascallana', 'Jaular', '02614035Q', 'eulcaja00@tecnoleonsl.es', '2008-02-01', '52198484752100515144', 'ES4352198484752100515144', 25, 198),
	(32, 'Germán', 'Aller', 'Bariales', '09314602Q', 'geralba00@tecnoleonsl.es', '2011-03-01', '32569523016220165156', 'RO8832569523016220165156', 25, 199),
	(33, 'Agustín', 'Benavides', 'Castro', '09458455G', 'agubeca00@pblanksa.es', '1999-12-01', '25030000114574745458', 'AT6825030000114574745458', 21, 200),
	(34, 'Rocío', 'Andrés', 'Gil', '09481741Z', 'rocangi00@aphonsa.es', '2003-11-01', '32566221522587754554', 'LT8032566221522587754554', 24, 201),
	(35, 'Ismael', 'Fernández', 'Fresco', '09545570H', 'ismfefr00@tecnoleonsl.es', '2006-10-01', '25635478321002541225', 'SM7325635478321002541225', 25, 202),
	(36, 'Inés', 'Riverto', 'Fuertes', '09548150E', 'inerifu00@tecnoleonsl.es', '2000-08-01', '32574512085411002255', 'SE6832574512085411002255', 25, 203),
	(37, 'Sara', 'Sánchez', 'Asensio', '09548206D', 'sarsaas00@asoftware.es', '2002-02-01', '12548521518742146695', 'ES9712548521518742146695', 23, 204),
	(38, 'Pedro', 'Olle', 'Sutil', '09548215H', 'pedolsu00@aphonsa.es', '1997-05-01', '23652365142254222000', 'ES7223652365142254222000', 24, 200),
	(39, 'Diego', 'García', 'Fresco', '09548245W', 'diegafr00@aphonsa.es', '2002-03-01', '36585214290025478551', 'GB0836585214290025478551', 24, 197),
	(40, 'Bonifacio', 'Alcoba', 'Alonso', '09548247G', 'bonalal00@asoftware.es', '2007-12-01', '31645124473461205164', 'DK7331645124473461205164', 23, 200),
	(41, 'Víctor', 'Pérez', 'Pérez', '09548283V', 'vicpepe00@tecnoleonsl.es', '2002-04-01', '21856333126985542360', 'LT9321856333126985542360', 25, 202),
	(42, 'Rubén Darío', 'Álvarez', 'Fuertes', '09548287K', 'rubalfu00@pblanksa.es', '2001-07-01', '21651484690980008984', 'ES2821651484690980008984', 21, 205),
	(43, 'Nelida', 'Charro', 'Alonso', '09548290R', 'nelchal00@pblanksa.es', '2006-04-01', '85461325251978750005', 'ES6885461325251978750005', 21, 202),
	(44, 'Ana Isabel', 'Fernández', 'Alaiz', '09548295Y', 'anafeal00@tecnoleonsl.es', '2008-07-01', '20960043043075700000', 'ES2120960043043075700000', 26, 202),
	(45, 'Federico', 'Candanedo', 'Portugues', '09548317M', 'fedcapo00@tecnoproyectsl.es', '1997-02-01', '34698752714600549403', 'ES4534698752714600549403', 22, 206),
	(46, 'Héctor', 'Melcón', 'Otero', '09548392B', 'hecmeot00@tecnoleonsl.es', '2007-04-01', '32628484504115151115', 'LU0932628484504115151115', 25, 207),
	(47, 'Dolores', 'Santiago', 'López', '09548416N', 'dolsalo00@asoftware.es', '2008-06-01', '32541112811220000588', 'DK9032541112811220000588', 23, 207),
	(48, 'Francisco', 'Robles', 'Dominguez', '09548443Q', 'frarodo00@tecnoleonsl.es', '2012-07-01', '31215643855060225021', 'ES5631215643855060225021', 25, 206),
	(49, 'Rosario', 'Laiz', 'Domínguez', '09548451R', 'roslado00@pblanksa.es', '2005-12-01', '25165151118666365100', 'ES3925165151118666365100', 21, 202),
	(50, 'Nieves', 'Guerra', 'Morán', '09548486J', 'niegumo00@pblanksa.es', '2013-08-01', '33620012937852100256', 'ES1633620012937852100256', 21, 197),
	(51, 'Cruz', 'Del amo', 'Flórez', '09548495E', 'crudefl00@aphonsa.es', '2014-09-01', '21654587985156484454', 'ES7521654587985156484454', 24, 206),
	(52, 'Melisa', 'Castro', 'Sánchez', '09548501M', 'melcasa00@pblanksa.es', '1997-03-01', '21508149175421346497', 'DE5021508149175421346497', 21, 201),
	(53, 'Luis', 'Benito', 'Benito', '09548505D', 'luibebe00@pblanksa.es', '2012-10-01', '15953684811254695203', 'IT8915953684811254695203', 21, 202),
	(54, 'Khadouj', 'Elammary', '', '09548827D', 'khael00@tecnoproyectsl.es', '2011-03-01', '20910936583000000000', 'GB9720910936583000000000', 22, 202),
	(55, 'Luisa', 'Gracia', 'Puerto', '09548827D', 'luigrpu00@tecnoproyectsl.es', '2006-02-01', '20960031442124800000', 'ES7920960031442124800000', 22, 207),
	(56, 'Encarnación', 'Sánchez', 'Herrero', '09570211A', 'encsahe00@asoftware.es', '2016-01-01', '51556584221251000254', 'IE6851556584221251000254', 23, 202),
	(57, 'Gonzalo', 'Castañeda', 'García', '09570242B', 'goncaga00@aphonsa.es', '2009-07-01', '36250012804785523365', 'CZ9536250012804785523365', 24, 197),
	(58, 'Nicolás', 'Manzanares', 'Cadenas', '09570258G', 'nicmaca00@tecnoproyectsl.es', '1999-01-01', '36952365020014425254', 'PT3536952365020014425254', 22, 202),
	(59, 'Abel', 'González', 'Río', '09570262P', 'abegori00@tecnoproyectsl.es', '1996-05-01', '44875664127231645789', 'ES8244875664127231645789', 22, 199),
	(60, 'Casimiro', 'González', 'Alonso', '09570285P', 'casgoal00@aphonsa.es', '2015-02-01', '36154231712500312566', 'ES1436154231712500312566', 24, 208),
	(61, 'Sergio', 'Sutil', 'Sánchez', '09611066X', 'sersusa00@tecnoleonsl.es', '2008-09-01', '99558741836555551120', 'HU2399558741836555551120', 25, 207),
	(62, 'Demetrio', 'Aller', 'Castrillo', '09611071S', 'demalca00@asoftware.es', '2010-10-01', '65614874165615445616', 'ES8265614874165615445616', 23, 198),
	(63, 'Armando', 'Bienvenido', 'García', '09611076C', 'armbiga00@tecnoproyectsl.es', '2011-01-01', '20960043023096200000', 'ES9020960043023096200000', 22, 199),
	(64, 'Laura', 'García', 'Prieto', '09611087P', 'laugapr00@tecnoleonsl.es', '2012-05-01', '01826530120201560000', 'ES9001826530120201560000', 26, 200),
	(65, 'Gabriel', 'Alvarez', 'Moral', '09611099C', 'gabalmo00@asoftware.es', '2010-04-01', '20125003305201112544', 'GR9420125003305201112544', 23, 207),
	(66, 'Concepción', 'Cabeza', 'Quintanilla', '09611100K', 'concaqu00@asoftware.es', '2009-09-01', '25516848021156151054', 'ES0425516848021156151054', 23, 197),
	(67, 'Marisa', 'Chen', 'Cedron', '09626048L', 'marchce00@tecnoproyectsl.es', '2013-10-01', '24587946032003165464', 'FI5024587946032003165464', 22, 200),
	(68, 'Julio Pedro', 'Otero', 'Fernández', '09632539R', 'julotfe00@aphonsa.es', '2011-07-01', '32584216971684051000', 'ES9232584216971684051000', 24, 197),
	(69, 'Consuelo', 'Francisco', 'López', '09632873J', 'confrlo00@aphonsa.es', '2009-04-01', '20008521528775113366', 'GB5520008521528775113366', 24, 209),
	(70, 'Bernardo', 'Chamorro', 'Castellanos', '09634700T', 'berchca00@tecnoproyectsl.es', '2001-08-01', '96536214865214585214', 'ES2396536214865214585214', 22, 206),
	(71, 'Eugenio', 'Gallego', 'Álvarez', '09640671Z', 'euggaal00@aphonsa.es', '2005-01-01', '20036525257451152165', 'ES8220036525257451152165', 24, 199),
	(72, 'Ana Belén', 'Prieto', 'Marín', '09671968P', 'anaprma00@asoftware.es', '2001-07-01', '31245164156597845124', 'ES7631245164156597845124', 23, 197),
	(73, 'Braulio', 'Feliz', 'Pisabarro', '09685088H', 'brafepi00@tecnoproyectsl.es', '2014-10-01', '22631245526916432102', 'DE7822631245526916432102', 22, 207),
	(74, 'Felix', 'Gomara', 'Iban', '09689676Y', 'felgoib00@tecnoleonsl.es', '2010-03-01', '31624561042546920007', 'ES6931624561042546920007', 25, 199),
	(75, 'Mauro', 'Belerda', 'Aparicio', '09706118A', 'maubeap00@pblanksa.es', '2009-01-01', '96431245118150005156', 'ES9596431245118150005156', 21, 210),
	(76, 'Clementina', 'Montiel', 'Martínes', '09714235R', 'clemoma00@aphonsa.es', '2011-04-01', '63516541828944000984', 'ES8163516541828944000984', 24, 204),
	(77, 'Cristina', 'Salas', 'Benavides', '09719898Y', 'crisabe00@asoftware.es', '2002-06-01', '26221011628048788896', 'ES7426221011628048788896', 23, 199),
	(78, 'Andrés', 'Getino', 'Serrano', '09724050H', 'andgese00@asoftware.es', '2007-09-01', '12548523465214585214', 'ES9012548523465214585214', 23, 200),
	(79, 'Emiliano', 'Castro', 'Puente', '09738010V', 'emicapu00@asoftware.es', '2001-11-01', '22515651915640081000', 'AT3122515651915640081000', 23, 205),
	(80, 'Carolina', 'Mielgo', 'Gutierrez', '09741138V', 'carmigu00@tecnoproyectsl.es', '2014-03-01', '32562000145478520015', 'ES5032562000145478520015', 22, 205),
	(81, 'Antonio', 'Bueno', 'García', '09741995T', 'antbuga00@tecnoleonsl.es', '2009-03-01', '20960043032159000000', 'ES3720960043032159000000', 25, 197),
	(82, 'Francisco', 'Robles', 'Alonso', '09743327K', 'fraroal00@tecnoleonsl.es', '2000-07-01', '20960043013468900000', 'ES4420960043013468900000', 26, 197),
	(83, 'Tomás', 'Rodríguez', 'García', '09749147E', 'tomroga00@tecnoleonsl.es', '2009-07-01', '85550564726165145610', 'AT3285550564726165145610', 25, 199),
	(84, 'Serafín', 'Carro', 'Fuertes', '09758365V', 'sercafu00@tecnoleonsl.es', '2002-11-01', '23185484465641685100', 'FR5623185484465641685100', 25, 200),
	(85, 'María', 'Calleja', 'Vega', '09769669M', 'marcave00@pblanksa.es', '1998-05-01', '64578946740051516490', 'PT5764578946740051516490', 21, 199),
	(86, 'Cecilia', 'Perez', 'García', '09771193B', 'cecpega00@asoftware.es', '2013-11-01', '95485212315484010000', 'ES7395485212315484010000', 23, 197),
	(87, 'Oscar', 'Márquez', 'Blanco', '09779285F', 'oscmabl00@aphonsa.es', '1996-10-01', '65168874641561561500', 'ES9565168874641561561500', 24, 199),
	(88, 'Elaio', 'Cabero', 'Guerra', '09779552K', 'elacagu00@asoftware.es', '2001-11-01', '12121455556115515151', 'FI9012121455556115515151', 23, 210),
	(89, 'Miguel', 'De la puente', 'Alonso', '09784112G', 'migdeal00@tecnoproyectsl.es', '2000-01-01', '20960043042158800000', 'ES8220960043042158800000', 22, 208),
	(90, 'Clotilde', 'Rodríguez', 'Labarga', '09785530L', 'clorola00@aphonsa.es', '2005-03-01', '65165654918886005001', 'ES1665165654918886005001', 24, 205),
	(91, 'Soledad', 'Arias', 'Diez', '09786363R', 'solardi00@aphonsa.es', '2009-02-01', '23215465315456411515', 'EE2023215465315456411515', 24, 202),
	(92, 'Miguel Ángel', 'Morala', 'Bernal', '09806572Q', 'migmobe00@tecnoproyectsl.es', '2015-03-01', '23658965274585223202', 'ES6223658965274585223202', 22, 208),
	(93, 'Hugo', 'Echevarria', 'Almanzar', '09810142K', 'hugecal00@tecnoleonsl.es', '2009-11-01', '66552211148855332200', 'ES5566552211148855332200', 25, 209),
	(94, 'Herminia', 'Santín', 'Fernández', '10405904Z', 'hersafe00@tecnoleonsl.es', '2016-02-01', '62541122421110105611', 'LT9362541122421110105611', 25, 200),
	(95, 'Justina', 'Martínez', 'García', '10575307E', 'jusmaga00@aphonsa.es', '2006-05-01', '21416325811510005514', 'ES7221416325811510005514', 24, 206),
	(96, 'Israel', 'Alonso', 'Rodríguez', '10940987W', 'isralro00@tecnoleonsl.es', '2004-04-01', '36520125638451012515', 'MC6436520125638451012515', 25, 205),
	(97, 'Adolfo', 'Bayon', 'Blanco', '12160221Y', 'adobabl00@pblanksa.es', '2006-01-01', '25894363475485700145', 'SM2125894363475485700145', 21, 197),
	(98, 'Iván', 'Carpintero', 'Cepin', '12649208J', 'ivacace00@pblanksa.es', '2004-07-01', '66649444162310000255', 'ES2766649444162310000255', 21, 206),
	(99, 'José Antonio', 'Cerro', 'Ponga', '12684218V', 'joscepo00@tecnoproyectsl.es', '2007-08-01', '23164897642213030615', 'ES4723164897642213030615', 22, 199),
	(100, 'Montserrat', 'Cembranos', 'Lombás', '24304263W', 'moncelo00@tecnoleonsl.es', '2009-10-01', '21346154503164978451', 'DE6721346154503164978451', 25, 207),
	(101, 'Fernando', 'Llamazares', 'Ramos', '24304263W', 'ferllra00@tecnoproyectsl.es', '2005-12-01', '20960043033000100000', 'ES8020960043033000100000', 22, 204),
	(102, 'Marta', 'Coello ', 'Castro', '24571671N', 'marcoca00@tecnoproyectsl.es', '2006-09-01', '20960043073071400000', 'ES5020960043073071400000', 22, 209),
	(103, 'Elisa', 'Fidalgo', 'Martínez', '71393352H', 'elifima00@aphonsa.es', '2014-12-01', '36521452736500658485', 'GR3836521452736500658485', 24, 209),
	(104, 'Generoso', 'Soto', 'Sánchez', '71393354C', 'gensosa00@tecnoleonsl.es', '2014-08-01', '26551681807651415636', 'IT3526551681807651415636', 25, 204),
	(105, 'Julio Ernesto', 'Gutierrez', 'López', '71393396Q', 'julgulo00@aphonsa.es', '2009-10-01', '33218885441445121022', 'ES1933218885441445121022', 24, 200),
	(106, 'Diana', 'Fidalgo', 'Fernández', '71393411P', 'diafife00@aphonsa.es', '2007-07-01', '32154697195423121000', 'ES6832154697195423121000', 24, 199),
	(107, 'Carlos', 'Pardo', 'De la fuente', '71393419Q', 'carpade00@asoftware.es', '2001-05-01', '55065688761051056105', 'ES6855065688761051056105', 23, 206),
	(108, 'Carmen', 'Diez', 'López', '71404623L', 'cardilo00@asoftware.es', '2006-04-01', '51651681961210656510', 'ES3251651681961210656510', 23, 199),
	(109, 'Elena', 'García', 'García', '71404625K', 'elegaga00@asoftware.es', '2006-06-01', '21651651812511133551', 'ES9021651651812511133551', 23, 208),
	(110, 'Marta', 'Almarza', 'García', '71404629W', 'maralga00@tecnoproyectsl.es', '2003-02-01', '24561937521546497521', 'DE7424561937521546497521', 22, 209),
	(111, 'Daniel', 'Herreras', 'Domingo', '71406027C', 'danhedo00@asoftware.es', '2007-04-01', '62581542713690044508', 'ES8462581542713690044508', 23, 206),
	(112, 'Clara', 'Presa', 'Álvarez', '71425232C', 'clapral00@asoftware.es', '2008-09-01', '36245978133245679001', 'ES5736245978133245679001', 23, 200),
	(113, 'Mario', 'Cabero', 'Iglesias', '71597570L', 'marcaig00@tecnoproyectsl.es', '1996-06-01', '56187775315550000651', 'ES2956187775315550000651', 22, 206),
	(114, 'Dorina', 'Bueno', 'González', '71609083D', 'dorbugo00@asoftware.es', '2009-06-01', '12669681115112121210', 'DE5512669681115112121210', 23, 200),
	(115, 'Rosa', 'Galán', 'Amo', '71878948S', 'rosgaam00@tecnoleonsl.es', '2003-06-01', '51651487910005118185', 'ES6851651487910005118185', 25, 209),
	(116, 'Vittorio', 'Baglione', 'Baglione', 'X1673150S', 'vitbaba00@tecnoproyectsl.es', '2007-02-01', '21584976902154655487', 'ES0721584976902154655487', 22, 210),
	(117, 'Jesús Manuel', 'Centeno', 'Castro', 'X3607387K', 'jesceca00@pblanksa.es', '2015-09-01', '25187786311225455548', 'ES7225187786311225455548', 21, 203),
	(118, 'Saaida', 'Bouzidi', '', 'X5106131Q', 'saabo00@tecnoproyectsl.es', '2011-04-01', '20910936583000000000', 'GR4920910936583000000000', 22, 197),
	(119, 'Souad', 'Elbada', '', 'X8996448K', 'souel00@asoftware.es', '2012-09-01', '01821135910205540000', 'DE9301821135910205540000', 23, 208),
	(120, 'Salah', 'Saham', '', 'X9924125Q', 'salsa00@tecnoleonsl.es', '2006-08-01', '20960043043554600000', 'ES3520960043043554600000', 26, 205),
	(121, 'Mohamed', 'Ahmed', 'Ahmed', 'X9924125Q', 'mohahah00@tecnoproyectsl.es', '2015-10-01', '32145464138452163421', 'ES7832145464138452163421', 22, 205),
	(122, 'Latifa', 'Boughaza', '', 'Y0806930N', 'latbo00@asoftware.es', '2014-10-01', '00750184310702510000', 'DK5800750184310702510000', 23, 206),
	(123, 'Latifa Epfouad Erre', 'Boughaza', 'Boughaza', 'Y0806930N', 'latbobo00@tecnoleonsl.es', '2013-09-01', '23455254943263234457', 'ES5023455254943263234457', 25, 210),
	(124, 'Alencar', 'Alves', 'Lidiane', 'Y1337652D', 'alealli01@tecnoproyectsl.es', '2012-12-01', '21564975243245467995', 'ES7921564975243245467995', 22, 199);
/*!40000 ALTER TABLE `trabajadorbbdd` ENABLE KEYS */;

/*!40101 SET SQL_MODE=IFNULL(@OLD_SQL_MODE, '') */;
/*!40014 SET FOREIGN_KEY_CHECKS=IF(@OLD_FOREIGN_KEY_CHECKS IS NULL, 1, @OLD_FOREIGN_KEY_CHECKS) */;
/*!40101 SET CHARACTER_SET_CLIENT=@OLD_CHARACTER_SET_CLIENT */;
